{
  "n_estimators": 800,
  "learning_rate": 0.05267367711805273,
  "num_leaves": 249,
  "min_child_samples": 190,
  "subsample": 0.8759449417351318,
  "colsample_bytree": 0.7582362559147535,
  "reg_lambda": 0.015380496273222955,
  "subsample_freq": 1,
  "n_jobs": -1,
  "verbose": -1
}